[
    {
        "name": "BPA S 1.2K",
        "price": "Rp1200",
        "detail": "Supported payment: E-wallet & QRIS",
        "packages": [
            {
                "family_name": "Akrab",
                "family_code": "6a838c0b-8f01-42e4-847c-2c0715ca248d",
                "is_enterprise": false,
                "migration_type": "PRIOH_TO_PRIO",
                "variant_code": "df7e6687-ee39-472b-9823-afe0e67a5ac3",
                "option_name": "Akrab",
                "order": 31
            },
            {
                "family_name": "Night Quota",
                "family_code": "64e63f53-6889-4d12-a0b4-ef9ea77b9efc",
                "is_enterprise": false,
                "migration_type": "NONE",
                "variant_code": "7a0c3e7e-d5b7-480a-b161-50301a9dcdfd",
                "option_name": "EWALLET 1.2k",
                "order": 1
            }
        ],
        "payment_for": "SHARE_PACKAGE",
        "ask_overwrite": false,
        "overwrite_amount": 1200,
        "token_confirmation_idx": 1,
        "amount_idx": -1
    },
    {
        "name": "BPA S 1K",
        "price": "Rp1000",
        "detail": "Supported payment: E-wallet & QRIS",
        "packages": [
            {
                "family_name": "Akrab",
                "family_code": "6a838c0b-8f01-42e4-847c-2c0715ca248d",
                "is_enterprise": false,
                "migration_type": "PRIOH_TO_PRIO",
                "variant_code": "df7e6687-ee39-472b-9823-afe0e67a5ac3",
                "option_name": "Akrab",
                "order": 31
            },
            {
                "family_name": "Apps Quota Xtra Combo Plus 2GB",
                "family_code": "580c1f94-7dc4-416e-96f6-8faf26567516",
                "is_enterprise": false,
                "migration_type": "NONE",
                "variant_code": "b50f954a-696e-46d0-8700-8e4d38521525",
                "option_name": "EWALLET & QRIS 1K",
                "order": 24
            }
        ],
        "payment_for": "SHARE_PACKAGE",
        "ask_overwrite": false,
        "overwrite_amount": 1000,
        "token_confirmation_idx": 1,
        "amount_idx": -1
    }
]